user_id,version,sign_up,payment
1,A,1,0
2,B,1,0
3,A,0,0
4,A,1,180
5,B,0,0
6,B,0,0
7,A,1,120
8,B,0,0
9,B,1,306
10,B,1,0
11,A,0,0
12,A,0,0
13,A,1,180
14,B,0,0
15,B,0,0
16,A,1,0
17,B,1,120
18,B,1,120
19,A,1,0
20,B,0,0
21,A,0,0
22,B,1,0
23,A,0,0
24,B,1,180
25,A,1,60
25,A,0,0
26,B,0,0
27,A,1,0
28,A,0,0
29,A,1,30
30,A,0,0
31,A,1,0
32,A,1,120
33,B,0,0
34,B,0,0
35,B,0,0
36,B,0,0
37,B,1,120
38,A,0,0
39,A,0,0
40,A,0,0
41,A,0,0
42,B,1,0
43,A,0,0
44,A,0,0
45,B,0,0
46,B,1,0
47,A,0,0
48,A,0,0
49,B,1,0
50,B,1,30
51,B,1,0
52,A,1,120
53,B,0,0
54,B,0,0
55,B,0,0
56,B,0,0
57,B,1,0
58,A,1,120
59,A,0,0
60,B,0,0
61,B,0,0
62,B,1,0
63,B,1,0
64,A,1,0
65,A,1,120
66,B,1,0
67,A,1,30
68,B,1,0
69,A,0,0
70,A,1,0
71,B,1,0
72,B,0,0
73,A,0,0
74,A,1,0
75,B,1,0
76,B,0,0
77,B,1,180
78,A,1,306
79,A,1,0
80,A,1,150
81,B,1,120
82,A,0,0
83,A,0,0
84,B,1,0
85,B,0,0
86,A,1,120
87,A,0,0
88,B,1,0
89,B,0,0
90,A,1,120
91,A,1,0
92,A,1,0
93,A,1,0
94,A,0,0
95,A,0,0
96,B,0,0
97,B,1,60
98,B,1,0
99,A,0,0
100,B,0,0
101,B,1,0
102,A,1,0
103,B,0,0
104,B,0,0
105,B,1,90
106,A,1,0
107,A,0,0
108,B,1,30
109,A,0,0
110,A,1,90
111,B,1,0
112,A,0,0
113,B,1,150
114,A,0,0
115,A,1,150
116,A,1,0
117,B,0,0
118,B,1,30
119,A,1,90
120,A,0,0
121,B,1,180
122,A,1,0
123,A,1,0
124,B,1,0
125,B,0,0
126,A,0,0
127,B,0,0
128,B,0,0
129,B,1,30
130,A,0,0
131,B,0,0
132,B,0,0
133,B,1,0
134,A,1,0
135,B,0,0
136,A,0,0
137,A,0,0
138,B,1,306
139,B,1,0
140,B,1,150
141,A,1,120
142,A,1,60
143,A,1,180
144,A,0,0
145,A,1,150
146,A,0,0
147,B,1,150
148,A,1,180
149,B,1,0
150,B,1,150
151,B,1,0
152,A,1,0
153,B,1,0
154,B,1,0
155,B,1,0
156,A,0,0
157,B,0,0
158,A,0,0
159,A,0,0
160,B,1,120
161,B,0,0
162,A,1,0
163,A,0,0
164,A,0,0
165,A,0,0
166,B,1,306
167,B,1,30
168,B,0,0
169,A,1,90
170,A,1,0
171,B,0,0
172,B,1,60
173,B,0,0
174,B,0,0
175,B,0,0
176,A,1,180
177,B,1,0
178,B,0,0
179,B,1,0
180,B,1,30
181,B,1,0
182,B,1,0
183,B,1,0
184,B,1,0
185,B,0,0
186,A,0,0
187,A,1,0
188,A,1,0
189,B,1,0
190,B,0,0
191,A,1,0
192,B,0,0
193,A,1,0
194,B,1,306
195,A,0,0
196,B,1,0
197,A,1,306
198,B,1,0
199,A,1,0
200,B,1,150
201,B,0,0
202,A,0,0
203,A,0,0
204,B,1,0
205,B,0,0
206,B,1,60
207,B,1,90
208,A,1,120
209,B,1,0
210,B,0,0
211,B,1,0
212,B,0,0
213,A,1,0
214,B,1,90
215,B,0,0
216,B,1,120
217,A,1,60
218,B,1,306
219,B,1,0
220,A,1,30
221,A,0,0
222,B,1,0
223,B,1,0
224,A,1,60
225,B,0,0
226,B,1,0
227,A,0,0
228,B,1,30
229,B,1,0
230,A,1,180
231,A,1,0
232,A,0,0
233,B,1,150
234,A,0,0
235,A,0,0
236,A,1,0
237,A,1,180
238,A,1,0
239,A,0,0
240,B,1,90
241,B,1,0
242,A,0,0
243,B,1,150
244,A,0,0
245,B,0,0
246,B,1,90
247,A,1,0
248,B,0,0
249,B,0,0
250,B,0,0
251,B,1,0
252,A,1,30
253,B,1,0
254,A,0,0
255,B,1,180
256,A,0,0
257,A,0,0
258,A,1,306
259,A,0,0
260,B,1,0
261,B,0,0
262,B,1,0
263,B,0,0
264,B,1,0
265,B,0,0
266,B,0,0
267,B,1,0
268,B,0,0
269,A,0,0
270,A,1,60
271,A,1,0
272,A,1,60
273,A,1,0
274,B,1,0
275,B,1,0
276,A,0,0
277,B,0,0
278,A,0,0
279,B,1,60
280,B,0,0
281,B,0,0
282,A,0,0
283,A,0,0
284,B,0,0
285,B,1,0
286,B,0,0
287,A,0,0
288,A,0,0
289,A,0,0
290,A,1,150
291,B,0,0
292,B,1,120
293,B,1,0
294,A,1,0
295,A,1,90
296,B,1,0
297,A,1,0
298,A,1,120
299,A,0,0
300,A,1,0
301,B,1,0
302,A,1,150
303,A,0,0
304,B,0,0
305,B,1,0
306,B,0,0
307,B,0,0
308,B,0,0
309,B,0,0
310,A,1,0
311,A,1,306
312,B,0,0
313,A,1,0
314,A,0,0
315,B,1,0
316,B,1,0
317,B,1,0
318,B,1,0
319,A,0,0
320,B,0,0
321,B,1,180
322,B,0,0
323,A,1,30
324,A,1,0
325,A,0,0
326,B,1,0
327,B,0,0
328,B,0,0
329,A,1,60
330,A,0,0
331,A,0,0
332,B,1,0
333,B,0,0
334,B,1,180
335,A,0,0
336,B,0,0
337,B,1,0
338,B,1,90
339,B,0,0
340,A,1,306
341,B,1,0
342,A,0,0
343,A,0,0
344,A,1,90
345,B,1,0
346,B,1,0
347,B,1,0
348,A,0,0
349,A,1,60
350,B,1,0
351,A,0,0
352,A,0,0
353,A,1,90
354,B,1,30
355,A,1,306
356,B,1,0
357,B,0,0
358,B,1,0
359,A,1,150
360,B,0,0
361,B,0,0
362,B,1,0
363,A,0,0
364,B,0,0
365,B,0,0
366,A,1,0
367,A,1,306
368,B,1,0
369,A,1,0
370,B,0,0
371,B,0,0
372,A,0,0
373,B,1,0
374,A,0,0
375,A,1,60
376,B,1,0
377,A,1,0
378,B,1,0
379,B,0,0
380,A,1,0
381,B,1,0
382,A,0,0
383,B,1,0
384,A,0,0
385,A,0,0
386,B,0,0
387,A,1,120
388,A,1,306
389,B,1,30
390,A,0,0
391,A,1,0
392,B,0,0
393,A,0,0
394,A,0,0
395,A,1,120
396,A,1,150
397,B,0,0
398,B,1,0
399,A,1,0
400,A,0,0
401,B,1,0
402,B,0,0
403,A,1,0
404,A,1,0
405,B,0,0
406,A,0,0
407,A,0,0
408,A,0,0
409,B,1,90
410,A,0,0
411,A,1,0
412,B,0,0
413,A,0,0
414,B,0,0
415,A,0,0
416,B,0,0
417,B,1,180
418,A,0,0
419,A,1,0
420,A,1,180
421,B,0,0
422,B,0,0
423,A,0,0
424,A,0,0
425,A,1,0
426,A,0,0
427,B,0,0
428,B,1,0
429,B,0,0
430,A,1,306
431,B,0,0
432,A,1,150
433,A,1,120
434,B,0,0
435,A,1,90
436,B,0,0
437,A,0,0
438,B,0,0
439,A,0,0
440,A,0,0
441,A,1,0
442,A,1,0
443,B,0,0
444,A,0,0
445,A,0,0
446,B,1,180
447,A,0,0
448,A,0,0
449,B,1,90
450,A,0,0
451,B,1,180
452,A,1,0
453,A,0,0
454,B,1,0
455,B,1,60
456,A,1,0
457,A,0,0
458,A,1,0
459,A,1,90
460,B,0,0
461,B,1,0
462,B,0,0
463,B,0,0
464,B,1,30
465,A,1,0
466,B,0,0
467,B,0,0
468,A,0,0
469,B,1,120
470,A,1,0
471,B,1,0
472,A,0,0
473,A,0,0
474,B,0,0
475,B,0,0
476,B,0,0
477,B,1,0
478,B,0,0
479,B,0,0
480,A,1,0
481,A,0,0
482,A,1,0
483,A,0,0
484,A,1,120
485,A,1,0
486,B,0,0
487,B,0,0
488,A,0,0
489,B,1,306
490,B,0,0
491,B,0,0
492,A,0,0
493,B,0,0
494,A,1,0
495,A,0,0
496,B,1,60
497,B,1,150
498,A,1,306
499,B,1,0
500,B,1,306
501,A,1,0
502,B,1,120
503,A,0,0
504,B,0,0
505,B,0,0
506,B,0,0
507,B,1,30
508,A,0,0
509,B,0,0
510,A,1,0
511,A,1,150
512,A,1,0
513,A,0,0
514,B,0,0
515,A,0,0
516,A,0,0
517,B,1,30
518,B,1,0
519,A,0,0
520,A,1,90
521,A,0,0
522,B,0,0
523,A,1,30
524,A,1,120
525,B,0,0
526,A,1,0
527,B,0,0
528,A,0,0
529,B,1,180
530,B,0,0
531,A,0,0
532,A,1,0
533,B,0,0
534,B,0,0
535,A,0,0
536,A,0,0
537,B,0,0
538,A,0,0
539,B,0,0
540,B,1,90
541,A,1,0
542,B,1,0
543,A,0,0
544,A,1,306
545,B,1,0
546,A,1,0
547,B,1,180
548,B,0,0
549,B,1,0
550,B,1,0
551,A,1,0
552,B,0,0
553,B,0,0
554,B,1,0
555,A,0,0
556,A,1,180
557,A,1,120
558,A,1,0
559,B,1,90
560,A,0,0
561,A,1,30
562,A,0,0
563,B,1,0
564,A,0,0
565,A,0,0
566,A,1,0
567,A,1,0
568,B,0,0
569,B,1,180
570,B,0,0
571,B,1,0
572,A,1,90
573,B,1,120
574,A,0,0
575,B,0,0
576,A,0,0
577,B,1,0
578,B,0,0
579,B,1,60
580,B,0,0
581,B,1,60
582,A,0,0
583,B,1,0
584,B,1,60
585,A,1,0
586,A,1,60
587,B,0,0
588,B,1,150
589,A,1,0
590,A,0,0
591,B,1,0
592,A,0,0
593,A,0,0
594,B,1,306
595,B,0,0
596,B,0,0
597,A,1,30
598,B,1,0
599,A,0,0
600,A,0,0
601,A,0,0
602,B,0,0
603,B,0,0
604,B,0,0
605,B,0,0
606,A,0,0
607,A,1,0
608,B,1,150
609,A,0,0
610,A,1,0
611,A,0,0
612,B,0,0
613,A,0,0
614,B,1,0
615,A,0,0
616,A,1,0
617,A,1,306
618,A,0,0
619,A,0,0
620,A,1,306
621,B,1,120
622,B,1,0
623,A,1,0
624,B,1,0
625,A,0,0
626,B,0,0
627,A,1,0
628,A,0,0
629,A,1,90
630,A,0,0
631,A,1,0
632,B,1,60
633,A,0,0
634,A,1,0
635,A,0,0
636,A,0,0
637,A,0,0
638,A,0,0
639,B,0,0
640,A,0,0
641,A,1,306
642,B,0,0
643,B,1,0
644,B,0,0
645,B,0,0
646,B,0,0
647,A,0,0
648,B,1,150
649,A,0,0
650,A,1,90
651,A,1,0
652,A,1,30
653,B,1,306
654,B,1,0
655,B,0,0
656,B,1,180
657,B,1,0
658,B,1,0
659,A,0,0
660,A,0,0
661,B,1,0
662,A,0,0
663,B,1,30
664,A,1,120
665,B,0,0
666,A,1,0
667,B,1,60
668,A,1,0
669,B,0,0
670,A,1,0
671,A,1,0
672,B,1,0
673,A,0,0
674,B,1,0
675,B,1,0
676,B,0,0
677,A,0,0
678,B,0,0
679,A,0,0
680,B,0,0
681,B,1,0
682,B,1,120
683,A,0,0
684,B,1,0
685,B,1,0
686,A,1,306
687,A,1,150
688,A,1,0
689,B,0,0
690,A,0,0
691,A,1,0
692,A,1,0
693,B,0,0
694,B,1,90
695,B,0,0
696,B,0,0
697,B,0,0
698,A,1,90
699,B,0,0
700,A,0,0
701,A,1,0
702,A,0,0
703,B,1,90
704,A,1,180
705,A,1,60
706,A,0,0
707,A,1,30
708,A,1,180
709,A,0,0
710,A,0,0
711,B,0,0
712,A,0,0
713,A,1,120
714,A,0,0
715,A,1,90
716,A,1,90
717,A,1,306
718,A,0,0
719,A,0,0
720,A,0,0
721,A,1,0
722,B,1,0
723,B,1,30
724,B,0,0
725,B,0,0
726,B,1,0
727,B,0,0
728,B,0,0
729,B,1,0
730,A,0,0
731,A,1,30
732,B,1,90
733,A,1,90
734,A,1,120
735,A,0,0
736,B,0,0
737,B,0,0
738,B,0,0
739,A,1,90
740,B,0,0
741,B,1,120
742,A,1,0
743,A,0,0
744,B,0,0
745,B,1,90
746,B,0,0
747,B,0,0
748,A,1,0
749,A,1,120
750,A,0,0
751,A,0,0
752,A,1,0
753,B,0,0
754,B,0,0
755,A,0,0
756,B,1,0
757,A,1,0
758,A,1,90
759,B,0,0
760,A,0,0
761,B,1,0
762,A,0,0
763,B,1,180
764,B,1,90
765,B,0,0
766,A,1,0
767,B,0,0
768,B,0,0
769,A,1,0
770,A,0,0
771,A,1,0
772,B,0,0
773,B,1,0
774,B,0,0
775,A,1,0
776,B,0,0
777,A,1,0
778,A,0,0
779,A,1,0
780,A,1,30
781,B,1,30
782,A,0,0
783,B,1,90
784,A,1,0
785,A,0,0
786,B,0,0
787,A,0,0
788,B,1,306
789,B,0,0
790,A,1,180
791,B,0,0
792,B,1,0
793,B,0,0
794,B,0,0
795,A,1,30
796,A,0,0
797,B,1,0
798,A,1,0
799,B,0,0
800,A,1,60
801,A,0,0
802,A,0,0
803,B,1,60
804,A,1,30
805,A,1,0
806,A,1,0
807,A,1,0
808,A,0,0
809,A,0,0
810,B,0,0
811,B,0,0
812,B,0,0
813,B,1,90
814,B,1,306
815,A,0,0
816,A,0,0
817,A,0,0
818,A,1,0
819,B,1,0
820,B,0,0
821,A,1,120
822,B,1,0
823,B,0,0
824,A,1,0
825,B,1,0
826,B,1,60
827,B,1,0
828,A,1,60
829,B,0,0
830,B,1,180
831,B,1,306
832,B,1,0
833,A,0,0
834,B,0,0
835,B,1,0
836,A,0,0
837,B,1,150
838,A,1,0
839,A,1,0
840,B,1,0
841,A,0,0
842,B,0,0
843,B,0,0
844,A,0,0
845,B,0,0
846,B,0,0
847,A,1,0
848,B,1,30
849,B,0,0
850,A,0,0
851,B,0,0
852,B,0,0
853,A,1,0
854,A,0,0
855,B,1,0
856,A,0,0
857,A,1,0
858,B,0,0
859,A,1,60
860,A,1,180
861,B,1,0
862,B,0,0
863,A,1,0
864,B,1,0
865,A,1,0
866,A,1,0
867,B,0,0
868,B,1,0
869,B,1,90
870,B,0,0
871,B,1,0
872,A,1,0
873,A,0,0
874,A,1,0
875,A,0,0
876,A,0,0
877,B,1,0
878,B,1,0
879,A,0,0
880,B,0,0
881,B,1,0
882,A,1,0
883,A,0,0
884,A,0,0
885,A,0,0
886,A,0,0
887,B,1,90
888,B,0,0
889,A,0,0
890,A,1,90
891,B,0,0
892,A,1,120
893,A,0,0
894,A,1,150
895,B,0,0
896,A,0,0
897,A,0,0
898,B,1,0
899,A,0,0
900,B,1,150
901,A,1,0
902,B,0,0
903,B,0,0
904,B,0,0
905,A,0,0
906,A,0,0
907,A,0,0
908,A,1,90
909,A,1,0
910,B,1,0
911,A,0,0
912,A,0,0
913,A,0,0
914,B,1,0
915,A,0,0
916,B,0,0
917,B,0,0
918,B,1,90
919,A,1,0
920,B,0,0
921,A,0,0
922,B,1,150
923,A,1,0
924,A,1,0
925,A,0,0
926,A,1,150
927,A,0,0
928,B,0,0
929,B,1,0
930,A,1,0
931,B,1,0
932,B,1,180
933,B,1,306
934,B,0,0
935,A,0,0
936,A,1,0
937,A,1,150
938,A,0,0
939,A,0,0
940,A,0,0
941,B,0,0
942,A,0,0
943,A,0,0
944,A,1,306
945,A,1,0
946,B,0,0
947,B,0,0
948,A,0,0
949,B,0,0
950,A,1,90
951,B,1,120
952,A,1,0
953,B,1,0
954,B,0,0
955,B,1,0
956,A,0,0
957,A,0,0
958,A,0,0
959,A,0,0
960,A,0,0
961,B,0,0
962,B,1,150
963,B,0,0
964,A,0,0
965,B,1,0
966,A,0,0
967,A,1,150
968,B,1,0
969,A,0,0
970,B,0,0
971,A,1,0
972,A,1,0
973,B,0,0
974,B,0,0
975,B,0,0
976,A,1,0
977,B,0,0
978,B,0,0
979,A,0,0
980,B,1,120
981,A,1,150
982,B,0,0
983,A,1,0
984,B,1,60
985,B,0,0
986,A,1,0
987,B,1,90
988,B,1,60
989,A,0,0
990,A,1,0
991,B,0,0
992,B,0,0
993,A,1,0
994,B,1,0
995,A,1,0
996,A,0,0
997,A,1,180
998,A,1,0
999,A,0,0
1000,A,1,30
1001,B,1,0
1002,B,0,0
1003,A,1,0
1004,A,0,0
1005,A,0,0
1006,B,1,0
1007,A,0,0
1008,A,0,0
1009,B,0,0
1010,B,0,0
1011,B,0,0
1012,B,1,90
1013,B,0,0
1014,A,1,0
1015,A,0,0
1016,A,1,30
1017,B,1,150
1018,A,1,0
1019,B,1,306
1020,B,1,120
1021,B,1,0
1022,B,0,0
1023,B,0,0
1024,A,1,60
1025,B,1,120
1026,A,0,0
1027,B,0,0
1028,A,0,0
1029,B,0,0
1030,B,1,0
1031,B,1,306
1032,A,0,0
1033,B,1,60
1034,B,1,0
1035,B,0,0
1036,B,0,0
1037,B,1,60
1038,B,1,0
1039,A,0,0
1040,A,1,0
1041,B,1,306
1042,B,1,90
1043,B,0,0
1044,B,1,0
1045,A,1,0
1046,B,0,0
1047,A,1,30
1048,B,0,0
1049,A,0,0
1050,A,0,0
1051,B,0,0
1052,B,1,90
1053,B,1,150
1054,B,0,0
1055,A,1,0
1056,A,0,0
1057,B,1,30
1058,B,1,60
1059,B,0,0
1060,A,1,60
1061,B,1,0
1062,A,0,0
1063,A,1,0
1064,B,0,0
1065,B,0,0
1066,A,1,0
1067,B,1,306
1068,A,0,0
1069,B,1,0
1070,B,1,0
1071,B,1,0
1072,B,0,0
1073,B,0,0
1074,A,0,0
1075,B,0,0
1076,A,0,0
1077,A,0,0
1078,B,1,306
1079,A,1,150
1080,A,0,0
1081,A,1,0
1082,A,0,0
1083,A,1,180
1084,A,0,0
1085,A,1,0
1086,A,0,0
1087,B,0,0
1088,A,0,0
1089,B,1,0
1090,B,0,0
1091,A,0,0
1092,A,0,0
1093,B,1,0
1094,B,0,0
1095,B,1,0
1096,B,0,0
1097,B,1,0
1098,A,1,0
1099,A,1,180
1100,A,1,0
1101,A,1,180
1102,B,1,30
1103,B,0,0
1104,B,0,0
1105,B,1,0
1106,A,1,0
1107,B,0,0
1108,A,0,0
1109,B,0,0
1110,A,1,150
1111,A,1,0
1112,A,1,0
1113,A,0,0
1114,B,0,0
1115,A,1,0
1116,A,0,0
1117,B,1,0
1118,B,0,0
1119,A,1,0
1120,B,0,0
1121,A,0,0
1122,A,1,0
1123,B,0,0
1124,B,1,0
1125,B,0,0
1126,B,1,0
1127,B,1,0
1128,B,0,0
1129,A,0,0
1130,A,0,0
1131,A,0,0
1132,A,1,90
1133,B,1,0
1134,B,1,90
1135,B,0,0
1136,B,0,0
1137,B,1,0
1138,B,1,180
1139,A,1,0
1140,A,1,120
1141,B,1,0
1142,B,0,0
1143,B,1,306
1144,B,1,0
1145,A,0,0
1146,B,1,0
1147,A,0,0
1148,B,1,30
1149,A,0,0
1150,A,1,0
1151,A,0,0
1152,A,0,0
1153,B,1,120
1154,A,0,0
1155,A,1,120
1156,B,1,150
1157,A,0,0
1158,A,1,0
1159,B,1,0
1160,B,0,0
1161,B,0,0
1162,A,0,0
1163,A,0,0
1164,B,1,60
1165,A,1,0
1166,B,0,0
1167,A,1,0
1168,A,1,0
1169,B,1,306
1170,B,0,0
1171,A,0,0
1172,B,1,0
1173,A,1,150
1174,B,1,0
1175,B,1,90
1176,B,1,0
1177,A,0,0
1178,A,1,0
1179,B,1,0
1180,A,1,90
1181,B,0,0
1182,B,0,0
1183,B,0,0
1184,B,0,0
1185,B,0,0
1186,A,0,0
1187,B,0,0
1188,A,1,0
1189,A,0,0
1190,B,0,0
1191,A,1,150
1192,B,0,0
1193,A,0,0
1194,A,1,0
1195,A,0,0
1196,B,1,120
1197,A,0,0
1198,A,1,0
1199,A,1,0
1200,B,1,60
1201,B,1,0
1202,A,0,0
1203,A,0,0
1204,A,0,0
1205,A,0,0
1206,A,1,0
1207,A,1,150
1208,B,1,0
1209,B,1,30
1210,B,1,90
1211,B,0,0
1212,A,0,0
1213,A,0,0
1214,B,0,0
1215,A,1,0
1216,B,0,0
1217,B,1,120
1218,B,0,0
1219,A,1,180
1220,B,0,0
1221,A,0,0
1222,A,0,0
1223,A,1,0
1224,B,1,306
1225,A,0,0
1226,A,0,0
1227,B,0,0
1228,B,0,0
1229,B,1,0
1230,A,0,0
1231,B,1,180
1232,B,0,0
1233,B,0,0
1234,A,1,0
1235,A,1,90
1236,A,1,0
1237,B,0,0
1238,A,0,0
1239,B,1,120
1240,A,1,60
1241,B,1,306
1242,A,0,0
1243,B,0,0
1244,B,1,0
1245,A,0,0
1246,A,0,0
1247,A,0,0
1248,A,1,0
1249,B,1,0
1250,A,1,306
1251,B,0,0
1252,B,1,60
1253,A,0,0
1254,B,1,0
1255,A,0,0
1256,A,0,0
1257,B,1,120
1258,A,1,0
1259,B,0,0
1260,A,1,150
1261,A,1,150
1262,B,1,0
1263,A,0,0
1264,A,0,0
1265,B,1,306
1266,A,1,0
1267,A,1,0
1268,A,1,120
1269,B,1,0
1270,A,1,0
1271,A,1,0
1272,A,1,0
1273,A,0,0
1274,B,0,0
1275,A,0,0
1276,A,0,0
1277,B,0,0
1278,A,1,30
1279,A,0,0
1280,A,1,0
1281,B,1,0
1282,B,1,0
1283,A,1,0
1284,B,0,0
1285,B,1,60
1286,B,0,0
1287,A,1,0
1288,A,0,0
1289,B,0,0
1290,B,0,0
1291,B,0,0
1292,A,0,0
1293,B,1,90
1294,A,1,0
1295,B,0,0
1296,A,0,0
1297,A,1,0
1298,B,1,0
1299,B,1,0
1300,B,1,0
1301,B,0,0
1302,B,1,0
1303,A,1,0
1304,A,0,0
1305,A,0,0
1306,B,1,90
1307,A,0,0
1308,A,1,0
1309,A,1,0
1310,B,0,0
1311,A,1,60
1312,A,1,0
1313,A,0,0
1314,B,0,0
1315,A,1,0
1316,A,0,0
1317,A,1,120
1318,B,1,0
1319,B,0,0
1320,A,1,0
1321,A,1,150
1322,A,1,306
1323,A,0,0
1324,A,1,60
1325,A,0,0
1326,A,0,0
1327,B,1,90
1328,B,0,0
1329,A,1,306
1330,B,0,0
1331,B,1,0
1332,B,1,180
1333,A,0,0
1334,B,1,0
1335,A,0,0
1336,A,0,0
1337,A,0,0
1338,A,0,0
1339,A,1,0
1340,A,1,60
1341,B,0,0
1342,B,1,180
1343,B,1,0
1344,B,0,0
1345,A,1,150
1346,B,0,0
1347,B,1,0
1348,A,0,0
1349,A,1,120
1350,B,1,30
1351,A,1,180
1352,B,0,0
1353,B,0,0
1354,A,0,0
1355,A,0,0
1356,A,1,0
1357,B,1,0
1358,A,1,0
1359,B,1,0
1360,B,0,0
1361,A,0,0
1362,B,1,0
1363,B,1,0
1364,A,1,0
1365,B,0,0
1366,A,1,306
1367,A,0,0
1368,B,0,0
1369,A,0,0
1370,B,1,0
1371,A,0,0
1372,B,0,0
1373,A,1,0
1374,A,1,90
1375,B,0,0
1376,A,0,0
1377,A,1,90
1378,B,1,0
1379,A,0,0
1380,B,1,0
1381,A,0,0
1382,B,1,0
1383,B,0,0
1384,A,0,0
1385,B,0,0
1386,B,0,0
1387,B,1,30
1388,B,0,0
1389,B,0,0
1390,A,1,0
1391,B,0,0
1392,B,1,120
1393,B,0,0
1394,B,1,0
1395,A,0,0
1396,A,1,0
1397,A,0,0
1398,B,0,0
1399,A,0,0
1400,A,0,0
1401,B,0,0
1402,A,1,30
1403,B,1,0
1404,B,1,0
1405,B,1,306
1406,A,1,0
1407,B,1,0
1408,A,1,0
1409,A,0,0
1410,A,0,0
1411,B,0,0
1412,A,0,0
1413,B,1,0
1414,A,1,0
1415,A,0,0
1416,A,0,0
1417,B,0,0
1418,A,1,150
1419,A,0,0
1420,B,1,0
1421,B,0,0
1422,A,0,0
1423,B,0,0
1424,A,0,0
1425,B,0,0
1426,B,0,0
1427,B,0,0
1428,A,1,0
1429,B,0,0
1430,A,0,0
1431,A,0,0
1432,B,1,0
1433,A,0,0
1434,B,0,0
1435,B,1,0
1436,B,0,0
1437,A,0,0
1438,A,0,0
1439,A,1,306
1440,B,1,0
1441,A,1,90
1442,A,0,0
1443,A,1,90
1444,A,1,120
1445,A,1,120
1446,A,0,0
1447,A,0,0
1448,B,0,0
1449,B,1,0
1450,A,1,150
1451,B,1,180
1452,A,0,0
1453,A,0,0
1454,B,0,0
1455,A,1,30
1456,A,0,0
1457,A,1,30
1458,A,1,0
1459,A,1,120
1460,A,1,30
1461,A,1,306
1462,A,1,150
1463,B,0,0
1464,B,1,0
1465,B,1,0
1466,A,0,0
1467,B,0,0
1468,A,1,0
1469,A,1,180
1470,B,1,120
1471,B,1,30
1472,A,1,0
1473,A,1,0
1474,A,1,0
1475,B,1,0
1476,B,0,0
1477,B,1,0
1478,B,1,0
1479,A,1,30
1480,A,0,0
1481,B,1,90
1482,B,0,0
1483,A,0,0
1484,A,0,0
1485,A,0,0
1486,A,1,150
1487,B,0,0
1488,A,1,0
1489,B,1,0
1490,B,0,0
1491,B,1,0
1492,A,0,0
1493,B,1,60
1494,A,1,0
1495,A,0,0
1496,B,1,0
1497,A,0,0
1498,A,0,0
1499,B,0,0
1500,B,1,0
1501,A,0,0
1502,B,1,0
1503,B,1,0
1504,B,0,0
1505,A,0,0
1506,A,1,150
1507,B,1,0
1508,B,1,120
1509,A,1,0
1510,A,1,30
1511,B,0,0
1512,B,1,0
1513,A,0,0
1514,A,0,0
1515,A,0,0
1516,A,1,180
1517,A,0,0
1518,B,1,0
1519,B,0,0
1520,B,1,0
1521,A,1,30
1522,A,0,0
1523,B,0,0
1524,B,1,0
1525,A,1,90
1526,B,0,0
1527,A,1,60
1528,A,1,0
1529,B,0,0
1530,B,1,0
1531,B,1,0
1532,B,0,0
1533,B,1,30
1534,B,1,0
1535,A,1,306
1536,A,0,0
1537,B,1,0
1538,A,0,0
1539,B,0,0
1540,A,1,60
1541,A,1,0
1542,B,0,0
1543,B,0,0
1544,B,1,0
1545,B,1,90
1546,A,0,0
1547,B,0,0
1548,A,0,0
1549,B,1,0
1550,B,1,0
1551,B,1,60
1552,A,0,0
1553,B,0,0
1554,A,1,0
1555,A,0,0
1556,A,0,0
1557,B,1,120
1558,A,1,0
1559,B,0,0
1560,A,1,0
1561,A,1,0
1562,A,1,150
1563,A,1,60
1564,B,1,306
1565,B,1,0
1566,B,1,150
1567,B,0,0
1568,A,1,0
1569,B,0,0
1570,A,0,0
1571,A,1,60
1572,B,0,0
1573,B,0,0
1574,A,1,0
1575,A,1,150
1576,A,0,0
1577,B,1,0
1578,A,1,90
1579,B,1,0
1580,A,0,0
1581,B,1,0
1582,A,0,0
1583,B,0,0
1584,A,1,0
1585,A,1,0
1586,A,1,0
1587,A,1,120
1588,B,0,0
1589,A,1,306
1590,B,1,180
1591,A,0,0
1592,B,1,0
1593,A,1,0
1594,B,0,0
1595,A,1,150
1596,B,1,0
1597,B,1,0
1598,B,0,0
1599,B,1,90
1600,B,0,0
1601,A,1,90
1602,A,1,120
1603,A,0,0
1604,A,1,0
1605,A,0,0
1606,B,1,0
1607,B,1,0
1608,B,0,0
1609,A,0,0
1610,B,1,0
1611,A,1,0
1612,B,0,0
1613,A,1,30
1614,A,0,0
1615,B,0,0
1616,A,0,0
1617,B,0,0
1618,B,1,0
1619,A,0,0
1620,A,0,0
1621,B,1,0
1622,B,0,0
1623,A,1,306
1624,B,0,0
1625,A,1,180
1626,A,0,0
1627,B,0,0
1628,A,0,0
1629,B,1,0
1630,A,1,90
1631,B,0,0
1632,B,1,150
1633,A,1,0
1634,B,0,0
1635,B,0,0
1636,B,1,60
1637,B,1,150
1638,A,0,0
1639,B,1,0
1640,B,1,0
1641,B,0,0
1642,B,1,0
1643,B,1,60
1644,B,1,90
1645,A,1,60
1646,B,1,90
1647,A,1,90
1648,B,0,0
1649,B,0,0
1650,A,0,0
1651,B,0,0
1652,A,1,0
1653,B,1,0
1654,A,0,0
1655,B,0,0
1656,A,1,306
1657,B,1,0
1658,B,0,0
1659,A,0,0
1660,B,1,90
1661,B,0,0
1662,B,1,0
1663,B,0,0
1664,B,1,0
1665,A,0,0
1666,A,0,0
1667,A,1,150
1668,B,1,0
1669,B,0,0
1670,A,1,0
1671,B,0,0
1672,A,0,0
1673,B,1,0
1674,A,1,150
1675,B,0,0
1676,B,0,0
1677,B,1,0
1678,A,1,306
1679,A,0,0
1680,A,0,0
1681,B,1,180
1682,B,0,0
1683,B,0,0
1684,A,0,0
1685,B,1,0
1686,B,0,0
1687,B,0,0
1688,B,0,0
1689,B,1,150
1690,A,0,0
1691,A,1,30
1692,B,0,0
1693,A,0,0
1694,A,0,0
1695,B,1,150
1696,A,1,0
1697,B,0,0
1698,A,1,0
1699,B,1,0
1700,A,0,0
1701,B,1,0
1702,B,0,0
1703,B,0,0
1704,B,0,0
1705,A,1,0
1706,A,1,30
1707,A,1,0
1708,B,1,90
1709,B,0,0
1710,A,0,0
1711,B,1,306
1712,B,1,180
1713,B,0,0
1714,B,0,0
1715,A,1,0
1716,B,1,30
1717,A,1,0
1718,B,1,0
1719,A,1,306
1720,B,1,0
1721,A,1,0
1722,A,1,30
1723,A,0,0
1724,A,1,0
1725,B,1,90
1726,B,1,150
1727,B,1,0
1728,A,0,0
1729,A,1,0
1730,A,0,0
1731,B,0,0
1732,A,1,60
1733,B,1,150
1734,A,0,0
1735,B,0,0
1736,B,1,0
1737,A,0,0
1738,A,0,0
1739,A,0,0
1740,B,1,0
1741,A,1,150
1742,A,1,150
1743,A,1,0
1744,B,0,0
1745,A,1,0
1746,A,0,0
1747,A,1,90
1748,B,1,30
1749,B,1,306
1750,B,0,0
1751,B,0,0
1752,A,0,0
1753,A,1,60
1754,A,0,0
1755,B,0,0
1756,B,1,30
1757,B,0,0
1758,A,1,0
1759,B,1,0
1760,A,1,90
1761,B,1,0
1762,A,1,0
1763,B,0,0
1764,B,1,0
1765,B,0,0
1766,A,0,0
1767,A,0,0
1768,A,0,0
1769,A,1,30
1770,A,0,0
1771,A,0,0
1772,B,1,0
1773,A,0,0
1774,B,0,0
1775,B,0,0
1776,B,0,0
1777,A,0,0
1778,B,0,0
1779,B,0,0
1780,A,0,0
1781,A,0,0
1782,A,0,0
1783,B,0,0
1784,B,1,0
1785,A,1,180
1786,B,0,0
1787,A,1,0
1788,A,1,120
1789,A,0,0
1790,B,0,0
1791,B,1,0
1792,A,0,0
1793,B,1,90
1794,A,0,0
1795,B,1,0
1796,B,1,0
1797,B,1,0
1798,B,1,180
1799,A,0,0
1800,A,1,0
1801,B,1,0
1802,A,0,0
1803,A,0,0
1804,B,0,0
1805,A,1,60
1806,B,0,0
1807,A,1,90
1808,B,0,0
1809,B,0,0
1810,B,0,0
1811,B,0,0
1812,B,1,0
1813,A,0,0
1814,A,0,0
1815,A,1,90
1816,B,1,0
1817,A,0,0
1818,A,1,0
1819,A,1,180
1820,B,0,0
1821,A,1,0
1822,B,0,0
1823,A,1,306
1824,A,0,0
1825,B,0,0
1826,B,0,0
1827,B,1,0
1828,B,1,0
1829,B,1,90
1830,B,1,60
1831,B,0,0
1832,B,0,0
1833,B,1,0
1834,B,1,30
1835,A,1,120
1836,B,0,0
1837,A,1,0
1838,B,1,90
1839,B,1,0
1840,A,1,60
1841,A,0,0
1842,B,0,0
1843,A,0,0
1844,B,0,0
1845,A,1,0
1846,B,0,0
1847,B,1,30
1848,B,1,30
1849,B,0,0
1850,A,1,0
1851,A,1,30
1852,A,1,0
1853,B,0,0
1854,A,1,150
1855,B,1,0
1856,B,0,0
1857,B,0,0
1858,A,0,0
1859,B,1,30
1860,A,1,0
1861,A,0,0
1862,A,1,0
1863,B,0,0
1864,B,1,0
1865,A,0,0
1866,A,1,0
1867,B,0,0
1868,A,1,0
1869,A,0,0
1870,A,0,0
1871,B,0,0
1872,A,1,0
1873,B,1,0
1874,B,0,0
1875,A,0,0
1876,B,0,0
1877,B,0,0
1878,B,0,0
1879,B,0,0
1880,B,0,0
1881,B,0,0
1882,A,1,0
1883,A,0,0
1884,B,1,180
1885,B,0,0
1886,B,0,0
1887,A,0,0
1888,A,1,0
1889,A,0,0
1890,A,0,0
1891,B,1,0
1892,B,0,0
1893,A,0,0
1894,B,0,0
1895,B,0,0
1896,A,1,0
1897,A,0,0
1898,B,0,0
1899,A,1,0
1900,B,0,0
1901,B,1,90
1902,A,1,120
1903,A,1,0
1904,B,0,0
1905,A,0,0
1906,B,0,0
1907,A,0,0
1908,A,1,0
1909,A,0,0
1910,B,0,0
1911,A,0,0
1912,B,0,0
1913,A,0,0
1914,A,1,60
1915,A,1,60
1916,A,0,0
1917,B,0,0
1918,A,0,0
1919,A,0,0
1920,B,0,0
1921,A,0,0
1922,A,0,0
1923,A,1,0
1924,A,1,90
1925,A,0,0
1926,B,0,0
1927,B,1,0
1928,B,0,0
1929,B,0,0
1930,A,1,180
1931,A,0,0
1932,A,0,0
1933,B,1,0
1934,B,0,0
1935,A,1,0
1936,B,1,0
1937,A,1,0
1938,B,1,150
1939,A,0,0
1940,B,0,0
1941,A,1,0
1942,B,0,0
1943,B,1,306
1944,B,0,0
1945,B,1,0
1946,B,1,150
1947,A,0,0
1948,A,1,0
1949,B,1,306
1950,A,1,60
1951,A,1,0
1952,B,1,0
1953,B,1,0
1954,B,1,120
1955,B,1,306
1956,B,1,306
1957,A,1,0
1958,A,0,0
1959,A,0,0
1960,A,0,0
1961,B,0,0
1962,A,0,0
1963,A,1,150
1964,A,0,0
1965,A,0,0
1966,A,1,306
1967,A,0,0
1968,B,1,0
1969,A,0,0
1970,A,0,0
1971,B,0,0
1972,B,1,90
1973,A,1,0
1974,A,1,90
1975,B,0,0
1976,B,1,120
1977,B,0,0
1978,A,0,0
1979,A,1,30
1980,A,0,0
1981,B,0,0
1982,A,1,0
1983,B,0,0
1984,B,1,60
1985,A,0,0
1986,B,0,0
1987,B,1,0
1988,B,0,0
1989,B,0,0
1990,B,0,0
1991,B,1,0
1992,A,1,0
1993,B,0,0
1994,A,1,0
1995,A,0,0
1996,A,0,0
1997,A,1,0
1998,A,0,0
1999,A,0,0
2000,A,1,180